Title,Description,Sales,Rating,Price,Industry,Platform,Last Delivery,Seller Rank,Member Since
"I will develop wordpress membership website, lms website","No membership website design is too difficult to create.
Whether you're interested in building a local business, a digital agency, a professional portfolio, an e-commerce platform, or an online course website, this is 
the ONLY service you need to generate amazing results.
  
Buddypress, bbpress, Ultimate member, ArMember, Memberpress, LearnDash, LearnPress, Paid Membership Pro, Restrict Content Pro, Buddy Boss, and other membership systems
Free Support and Consultation.
1. Nicely setting up MemberPress and configuring it to the highest potential.
2. Custom Website Design Solutions That Drive Online Success
3. Providing you with free consultancy related to building successful membership sites. 
 Features I provide:
 Multilevel membership with payment gateway
 Subscription
 Website
 Restricted page/content 
 with content locker
 Recurring payment
 with 
Subscription
 
Membership
 badges, 
gifts, invoices, coupon system
 
User reports and 
analytics
 WordPress 
install,
 theme
 install, 
demo
 importing
 
Customization and 
bug fixing
 
Membership 
registration, login, social login system
Place an Order and Experience the Difference for yourself!",328,5,42081,Programming & Tech,WordPress,7,Level 2,2020
I will remove malware from wordpress website and hosting server,"Are your website is hacked ?, Or attacked by malware ??
are your Hosting server suspended due to Infected files or Malware??
if your hosting affected by malware or suspended please message me.
I am here to solve all the issues.
I will Fix your web-site & Remove any type of malware from your ordered website and it's hosting server.
I will start to work immediately. If you have any question please message me.
More service from me that I provided to my client:
 **Fix Website
 **Hosting unlock or back from suspend
 **Remove and clean Malware
 **Blacklist Removal
 **Vulnerability Testing
 **Security Patch Installation
 **Software Version Upgrade
 **Website Backup
 **Remove All infected file
 **Update plugin  
 ** Protect from DDOS, Brut-Force Attack, SQL Injection
 ** Protect your .httaccess , wp-config, error_log
I will Do your website Low-Security Risk.
Note: You will get 30 days warranty in my premium package and to clean full server malware you need to order for all web-sites in your server or account. 
I will fix your problem as soon as possible, If i can't then 100% money back guaranty.",1106,5,4354,Programming & Tech,Security,20,Level 2,2018
I will build mobile responsive wordpress website design,"Greetings,
I am offering Professional
 Mobile
 
Responsive
 
WordPress website Design
 with 
On-Page SEO, Premium Themes and Builder
 which will help you to 
Rank on Google
 and you can 
update the Web Contents in Future.
What will you get :
Latest 
mobile responsive WordPress Website design with SEO 
and Setup Installation
WordPress Design & Development (Security Plugins Included)
Fully Responsive WordPress web design 100% Satisfaction Guaranteed
One month free maintenance
Friendly Support
WordPress web with SEO
Unlimited revisions
Search Engine friendly(Yoast SEO
)
Custom Layout Designs
 that compliment your Business or Ecommerce website
 
Tutorial for making Editions or Changes later on your own
 
No Business Logo?
 No Worries, I will design a basic one
What things I need to design your site?
Introduction, About Business.
Domain and Hosting Providers link with Credentials
Any sample website you really like﻿
Why you choose me?
I am professionally skilled on Responsive WordPress Website 
and have 
completed 315+ projects
 since last 6 years. 
Having skills on multi-platforms.
CONTACT ME FIRST",1029,5,29021,Programming & Tech,WordPress,1,Level 2,2020
"I will fix wordpress critical error, white screen, fatal error","Hello, this is 
Yousuf Khan
.
I am a 
professional
 
web developer
, working from 
2017.
The following are the Services which I can offer you:
- 
Critical Error
 in Wordpress
-
 Fatal Error
 in WordPress
- Will fix ""
There has been a critical error on your website
""
- 
White screen of death
- 
Will fix Errors on broken WordPress websites without losing content
- 
Wp-admin broken issue
- 
Too many redirects
- 
Website down
- 
Database connection Issue
- 
Warnings
 in WordPress
- 
WordPress backend login
 is not working
- 
Website Broken
- 
Internal server error
- 
Elementor
 not loading
- Posts returning 
404 error
- 
Allowed memory size
 exhaustion issue
- Bug Fixes
- And all issues related to WordPress
Why Me?
Fixed
 
over 
1300+
 WordPress website issues
After Sales Service Up to 
5
 Days
24/7 Hours Service
How it works:
Send me a message with your requirements.
Reliable and Quick communication
Will do the job as soon as possible
.
You are paying for a quality gig,
Sounds Interesting? Let's have a word!
Always happy to help!",1326,5,4354,Programming & Tech,Bug Fixes,24,Level 2,2019
I will do wordpress speed optimization for google page speed insights,"#1 Speed Optimization Gig on Fiverr
Need to 
supercharge your WordPress site's speed 
 ??
We can help your WordPress site load within 
0-2 seconds with the same ""Design and Functionality"".
We optimize sites with the 
Latest Google page speed insight guidelines and GT-Metrix Guidelines. (101% GUARANTEED)
 Why is page loading speed so important?
Visitors leave the website if it takes more than 3 seconds.
Google ranks faster
 
websites higher in search results.
Facebook prioritizes
 faster loading sites in its newsfeed. 
 
Benefits of page loading speed:
Site Speed 
Improves SEO
. Site Starts 
Ranking on Google (Guaranteed!)
Better SEO Increase in 
Organic Visits
 and 
Increase Sales
.
Happy Visitors
, Good customer Feedback will 
attract more Visitors
.
 Why VISIONVPRO?
Certified in WordPress Speed Optimization
 
(9+ Years).
Ultimate Pro Buyers Get 
Ultimate Support
 for 3 Months.
101% Customer Satisfaction
 (Guaranteed!).
Optimization Lasts Long.
PDF Report + Exciting Offers
 on Other Services.
Note: Do You have any questions? We Reply Quickly within 60 Seconds!
OFFER: Get 9+ Years of Anniversary Benefits. (Message to know more)
Order Now! Let's boost that performance together! ️""",4101,5,8707,Programming & Tech,Speed Optimization,6,Level 2,2019
I will do wordpress speed optimization and speed up wordpress website,"Please share your WordPress website URL in chat support so we can provide you a detailed Analysis.
We will do 
WordPress Speed Optimization
 & definitely provide you minimum 75+ Mobile & 90+ Desktop in 
google page speed insight
 
and 85+ in GT-Metrix with 1-3 sec load time
Hello, Are you looking to 
speed up WordPress website
?
We can make your 
website speed
 fast and smoother with 1-3 seconds of load time.
Are you tired of having a slow site which make your visitor leave the site even if the content is good. It can:
Effect Organic Traffic on your site.
Effect Business/sales negatively.
Degrade user experience
We optimize the site with best practices, with maintaining good user experience and without sacrificing the site functionality.
We take diagnosis from GT-Metrix, Google page speed insights and optimize according to latest criteria.
WHAT WE DO:
HTML/CSS/JS Optimization (Minification)
Image Optimization
Third Party Scripts Optimization + Font Optimization
G-Zip/Brotli Compression
Cache Configuration Setup
CDN Integration
Remove Query Strings
Prioritize visible content
Mixed Content/404 URL Fix
Get best work for best price with 
Premium Support
.
Contact Us !",876,5,8707,Programming & Tech,Speed Optimization,6,Level 2,2022
I will speed up wordpress website for google pagespeed insights,"You've a slow Wordpress website and you wanna speed up your site, correct?
Then Let's speed up your Wordpress website and make it crazy faster! I'm giving you 100% satisfaction and refund grantee :) 
At the end of the day, slow websites will have a low number of conversions, a high bounce rate, and a low number of pages per visit. Essentially, a slow site means people will bail because no one has the patience to wait for a website to load.
Speed Is A Killer!
 In my last 4 years journey at Fiverr, Ive been making 
1000+ websites
 super EXCELLENT faster and glad to bring all my clients online business in next level with more revenue and happy customers.
Why Site Speed is Important?
 High Google ranking
 
High revenue & happy customers
 Better experience for your visitors and happy customers
 Slow sites make users unhappy. Negative User Experience is not good for business
Why choose me?
 
Affordable Price
 At least 
10x improvement
 in overall site performance
 
100% Customer Satisfaction Guarantee
 Fastest Load time practically
 
Support after complete order
 Unlimited revisions 
Please don't hesitate to message me anytime! 
I will reply within 30 SECONDS! Try now!",3161,5,8707,Programming & Tech,Speed Optimization,5,Level 2,2018
I will develop wordpress website design with responsive web design,"Welcome to my professional service!
I specialize in creating top-quality WordPress website and eCommerce stores. Your business deserves a powerful online presence to capture leads and foster growth, and I ensure this with modern, responsive, and fully customized websites.
Advantage include:
Tailored WordPress sites
eCommerce functionality
Contemporary themes
Cutting-edge designs
Complete branding 
Responsive, fast, and SEO-optimized
Customized forms, landing pages and single-page sites 
Expertise in Elementor Builder and payment integrations 
Customer satisfaction is my priority! For custom projects, let's discuss before placing an order.
feel free to reach out with any queries.
Proficient
 
| eCommerce | Shopify | Responsive | Optimized | WordPress
If you have a specific existing design in your mind so do let me know, i can design a custom website using Figma or Adobe XD as Well",695,5,23217,Programming & Tech,WordPress,12,Level 2,2022
I will build professional wordpress website design and ecommerce website,"Do you feel that more than 80% of big business proprietors like to induce WordPress website design for their enterprises. This is due to WordPress simplicity through a simple admin panel and managing thousands of new accounts effortlessly.
I've been delivering web services to multiple businesses across the globe for the last 5 years and I'll deliver a complete one window result to your online presence.
Why should you choose us?
We've accomplished crew who are capable to deliver 100% satisfaction with solitary WordPress website designs for your old or new sites. We do
   Customized WordPress website that represent your company
   Fully Responsiveness
   Speed-optimized
   Simple to handle
   Eye Catching Layout
   Full Ecommerce capabilities
   After Sale Services
   SSL Installation
   Payment Gateway
   Google Map
We Design:
   E-Commerce website
   Personal site
   Portfolio
   Business
   Education
   Health
   News
   IT Industry
   Public Sectors
   And Many More
What Do We Need From You?
   Log in for your WordPress admin panel
   Complete Content/Logo
   Web Design Reference/Inspiration Site
*Note: We will be very happy to assist you, please feel free to contact",277,5,23217,Programming & Tech,WordPress,1,Level 2,2022
"I will speed up wordpress website speed, mobile and desktop page speed optimization","Permanent Speed Optimization
 - 
There is no reason to think that the speed will be down or the score will be down.
In today's fast-paced digital world, 
website speed
 is paramount for user satisfaction and search engine ranking. Is your 
WordPress website
 struggling with slow loading times, affecting user experience and SEO? Look no further I specialize in comprehensive 
WordPress Speed Optimization
 that will supercharge your site's performance on 
Mobile
.
Key Focus Areas:
Permanent WordPress Speed
Website Speed Optimization
Core Web Vitals Optimization
 - 
PASSED
SEO-Friendly 
Speed Boost
Mobile Optimization 90+
Improved 
Search Rankings
My Comprehensive Approach:
Each & Every Page / Products (Not only Homepage)
Minification of HTML, CSS, and JS
Image and Video Compression
Browser Caching
Elimination of Render-Blocking
Database Optimization
️- Guaranteed 
90+
 score on 
Google Page Speed
 for 
Desktop
-️ Guaranteed 
80+
 score on 
Google Page Speed
 for 
Mobile Speed
️- Guaranteed less than 
1 secs
 and score 
90+ is ""A""
 - 
(GTmetrix)
With 7+ Years
 of Expertise in 
WordPress Speed Optimization
, I understand the significance of Google's 
Core Web Vitals
 in 
SEO ranking
.
FAQ for MORE !",283,5,13060,Programming & Tech,Speed Optimization,24,Top Rated,2019
"I will create divi wordpress website,divi website design or redesign with divi theme","Do you want a professional website created with 
Divi Builder
, the user-friendly drag-and-drop page builder for WordPress?
I'm a
 Divi expert 
with in-depth knowledge of its features and capabilities. I will create a customized
 business website
 using Divi that perfectly reflects your brand identity and meets your specific requirements.
My services Include:
Divi Website Design
Divi Website Redesign
Divi Customization
Divi WordPress Website 
Divi Landing Page
 Design
WordPress Bug Fix
Clone Site
Ongoing Maintenance
What you will get:
Customize 
Divi Theme
Responsive Designs
Content uploading
PSD to WordPress 
xd to WordPress
E-commerce Functionality
SEO by Yoast
SSL Certificate Installation
Fast Loading Speed
User-Friendly and Creative designs
Integration:
Blog Setup
Plugins
Live Chat
Mailchimp
Payment Gateways
Social Media
Calendar 
Forum
Booking
Many More
Why Hire Me?
24/7 Available
Unlimited revisions
100 % Client Satisfaction
Note:
I'll build your perfect Divi Site and include a video tutorial for effortless content updates without coding. Additionally, I'll provide lifetime support for an exceptional site experience.
Contact me today to discuss your project! 
Order Now!!!",420,4.8,23217,Programming & Tech,WordPress,18,Level 1,2020
I will make your wordpress mobile responsive and mobile friendly,"Hello There!
Mobile traffic is skyrocketing and leaving all other platforms way behind. It is critical to have a Wordpress website that is mobile-friendly and mobile-optimized.
I will make your WordPress site mobile-friendly, so it can attract more customers and increase your site ranking.
All that is required from You:
﻿
1.      WordPress Login & cPanel Access
2.      
Most Important
: Relax, and let me do the hard work for you!
Send me a message if any queries. I would love to assist you :)",290,5,8707,Programming & Tech,Customization,15,Level 2,2022
"I will build wordpress landing page design, squeeze page, sales page, or sales funnel","If you want to boost your sales and improve your online marketing strategy, creating a WordPress landing page design or Sales Funnel is a must-have tactic.
Some key elements that are typically needed for an effective 
WordPress landing page design
 include:
A clear and concise headline, 
A strong call-to-action (CTA),
A form or opt-in box, 
Relevant images or videos,
A mobile-responsive landing page design, 
Analytics tools,
Among my service
Eye-catching look for the squeeze page
High Converting Sales Funnel
Awesome typography & brand color for squeeze page
SEO for WordPress landing page design
Security and backup ensured 
Dynamic Content
Any other functionality you need. 
Unique sales funnel Design
Easy to editable content (Drag and Drop) for sales funnel
Why me?
Unlimited revisions
100% client satisfaction
Fast delivery because I have a team 
Lifetime support
 
Self-made video Guidelines to manage your own squeeze page
I will give you a better WordPress landing service than others
NOTE: Please drop a message before placing an order.",1060,5,2903,Graphics & Design,Landing Page Design,3,Level 2,2023
I will fix wordpress hacked website and remove malware virus,"Fix Hacked Wordpress Website And remove Malware virus
WordPress hack
 is a very common problem due to the massive use of 3rd party plugins and security loopholes. Don't worry I will fix every 
WordPress hacked siteunder 10 hours
. 
Cleaned
 1.2k+ wordpress hacked websites offline and online till now. 
This service is exclusively available in Fiverr
 Fixing of 
hacked WordPress
 any type of websites.
 Scanning and removing all 
malware
 or malicious codes
 
Removal
 of ""This site may be hacked"" message from google search engine
 Removal of malware notification from google search engine
 
Fixing
 of site 
redirecting
 to other malware sites
 Fixing of Phishing notice
Why my gig?
10 hours express delivery
Young guy with full of energy to work effectively and efficiently
1k + site cleaning experience
6.3 + year experience
Know exactly where the malware is.
SOLUTION GUARANTEED
   
Fixing Hacked Wordpress Website And remove Malware virus:
If I don't reply your message it doesn't mean I am not interested because of its time zone problem, therefore if you have the same issue mentioned in the gig then please feel free to message me. 
Regards
Shhree",1497,5,4354,Programming & Tech,Security,72,Level 2,2019
"I will build responsive wordpress blog, wordpress business website","Building a Website from Scratch can be annoying at times. I am here to make this easy for you. Get your WordPress Website or WordPress Blog crafted from scratch. From a WordPress developer with 4 years+ of Experience. Will deliver you an output that will need minimal maintenance and will be easy to manage.
What you will get with this Gig?
WordPress Website or Blog (Designed From Scratch)
100% work satisfaction
Highly responsive WordPress design
High-Quality Images
and much more
Following are the services I provide in this gig.
Full Website Creation 
Redesign WordPress Website 
WordPress Blog
Customizing Existing Design 
Adding or Customizing Sliders 
Fixing CSS 
Migrating/transferring
Cloning any site or blog
Maintenance 
Theme setup 
Fixing issues 
On-Page SEO
Security
I am not taking orders for any Site having adult content.",617,5,23217,Programming & Tech,WordPress,8,Top Rated,2020
